{"cameraMode":{"drawMode":0,"name":"Shaded","section":"Shading Mode"},"sceneLighting":true,"audioPlay":false,"sceneViewState":{"showFog":true,"showMaterialUpdate":false,"showSkybox":true,"showFlares":true,"showImageEffects":true,"showParticleSystems":true},"in2DMode":false,"pivot":{"x":0.000029027462005615234,"y":0.4306672513484955,"z":-0.05039870738983154},"rotation":{"x":0.06124469265341759,"y":0.9174076318740845,"z":-0.15559113025665284,"w":0.36111608147621157},"size":4.060457229614258,"orthographic":true}